{
  "model": {
    "key": "xgboost",
    "label": "Local TF-IDF + XGBoost"
  },
  "dataset": {
    "rows_after_cleaning": 5158,
    "label_counts": {
      "ham": 4516,
      "spam": 642
    },
    "label_distribution_percent": {
      "ham": 87.55,
      "spam": 12.45
    },
    "is_imbalanced": true
  },
  "split": {
    "train_rows": 4126,
    "test_rows": 1032,
    "test_size": 0.2,
    "stratified": true,
    "random_state": 42
  },
  "best_params": {
    "classifier__learning_rate": 0.1,
    "classifier__max_depth": 5,
    "classifier__n_estimators": 250,
    "tfidf__min_df": 2,
    "tfidf__ngram_range": [
      1,
      2
    ]
  },
  "cv_best_f1": 0.8977460687157348,
  "test_metrics": {
    "accuracy": 0.9835271317829457,
    "precision_spam": 0.9663865546218487,
    "recall_spam": 0.8984375,
    "f1_spam": 0.9311740890688259,
    "roc_auc": 0.9922220685840708,
    "average_precision": 0.9707252718521352
  },
  "confusion_matrix": {
    "labels": [
      "ham",
      "spam"
    ],
    "matrix": [
      [
        900,
        4
      ],
      [
        13,
        115
      ]
    ],
    "tn_ham_as_ham": 900,
    "fp_ham_as_spam": 4,
    "fn_spam_as_ham": 13,
    "tp_spam_as_spam": 115
  },
  "classification_report": {
    "ham": {
      "precision": 0.9857612267250822,
      "recall": 0.995575221238938,
      "f1-score": 0.9906439185470556,
      "support": 904.0
    },
    "spam": {
      "precision": 0.9663865546218487,
      "recall": 0.8984375,
      "f1-score": 0.9311740890688259,
      "support": 128.0
    },
    "accuracy": 0.9835271317829457,
    "macro avg": {
      "precision": 0.9760738906734654,
      "recall": 0.947006360619469,
      "f1-score": 0.9609090038079408,
      "support": 1032.0
    },
    "weighted avg": {
      "precision": 0.9833581666192548,
      "recall": 0.9835271317829457,
      "f1-score": 0.9832678156660347,
      "support": 1032.0
    }
  }
}